{
    "criteria": {   
        "enchanted_golden_apple": {    
            "trigger": "minecraft:recipe_crafted",    
            "conditions": {
                "recipe_id": "whw_recipe:enchanted_golden_apple",
                "ingredients": [
                    {
                        "items": ["minecraft:gold_block","minecraft:apple"]
                    }
                ]
            }
        }
    },
    "display": {
        "icon": {    
            "id": "minecraft:enchanted_golden_apple"
         },
         "title": {
             "translate": "至尊食物"
         },
         "description": {
             "translate": "老玩家会回忆的东西"
         },
         "frame": "challenge",    
         "announce_to_chat": true,     
         "hidden": false,   
         "show_toast": true
    },
    "parent": "whw_recipe:make_horse_amor",
    "requirements": [    
        ["enchanted_golden_apple"]
    ],
    "rewards": {    
        "experience": 10    
    }
}