{
    "criteria": {   
        "budding_amethyst": {    
            "trigger": "minecraft:recipe_crafted",    
            "conditions": {
                "recipe_id": "whw_recipe:budding_amethyst",
                "ingredients": [
                    {
                        "items": ["minecraft:amethyst_block", "minecraft:amethyst_shard"]
                    }
                ]
            }
        }
    },
    "display": {
        "icon": {    
            "id": "minecraft:budding_amethyst"
         },
         "title": {
             "translate": "生长吧！紫水晶!"
         },
         "description": {
             "translate": "制作紫水晶母岩，开始你的紫水晶农场"
         },
         "frame": "goal",    
         "announce_to_chat": true,     
         "hidden": false,   
         "show_toast": true
    },
    "parent": "whw_recipe:it_should_have_be",
    "requirements": [    
        ["budding_amethyst"]
    ],
    "rewards": {    
        "experience": 10    
    }
}