{
    "criteria": {   
        "zombie_head": {    
            "trigger": "minecraft:recipe_crafted",    
            "conditions": {
                "recipe_id": "whw_recipe:zombie_head",
                "ingredients": [
                    {
                        "items": ["minecraft:skeleton_skull","minecraft:rotten_flesh"]
                    }
                ]
            }
        },
        "creeper_head": {    
            "trigger": "minecraft:recipe_crafted",    
            "conditions": {
                "recipe_id": "whw_recipe:creeper_head",
                "ingredients": [
                    {
                        "items": ["minecraft:skeleton_skull","minecraft:gunpowder"]
                    }
                ]
            }
        },
        "piglin_head": {    
            "trigger": "minecraft:recipe_crafted",    
            "conditions": {
                "recipe_id": "whw_recipe:piglin_head",
                "ingredients": [
                    {
                        "items": ["minecraft:skeleton_skull","minecraft:porkchop"]
                    }
                ]
            }
        }
    },
    "display": {
        "icon": {    
            "id": "minecraft:creeper_head"
         },
         "title": {
             "translate": "头头是道"
         },
         "description": {
             "translate": "首级仙人，就得有首级"
         },
         "frame": "goal",    
         "announce_to_chat": true,     
         "hidden": false,   
         "show_toast": true
    },
    "parent": "whw_recipe:skeleton_skull",
    "requirements": [    
        ["zombie_head","creeper_head","piglin_head"]
    ],
    "rewards": {    
        "experience": 10    
    }
}