{
    "criteria": {   
        "amethyst_block_decomposition": {    
            "trigger": "minecraft:recipe_crafted",    
            "conditions": {
                "recipe_id": "whw_recipe:amethyst_shard",
                "ingredients": [
                    {
                        "items": "minecraft:amethyst_block"
                    }
                ]
            }
        },
        "quartz_block_decomposition": {    
            "trigger": "minecraft:recipe_crafted",    
            "conditions": {
                "recipe_id": "whw_recipe:quartz",
                "ingredients": [
                    {
                        "items": "minecraft:quartz_block"
                    }
                ]
            }
        },
        "glowstone_decomposition": {    
            "trigger": "minecraft:recipe_crafted",    
            "conditions": {
                "recipe_id": "whw_recipe:dlowstone_dust",
                "ingredients": [
                    {
                        "items": "minecraft:glowstone"
                    }
                ]
            }
        },
        "clay_decomposition": {    
            "trigger": "minecraft:recipe_crafted",    
            "conditions": {
                "recipe_id": "whw_recipe:clay_ball",
                "ingredients": [
                    {
                        "items": "minecraft:clay"
                    }
                ]
            }
        }
    },
    "display": {
        "icon": {    
            "id": "minecraft:amethyst_block"
         },
         "title": {
             "translate": "早该如此"
         },
         "description": {
             "translate": "分解原本不可分解的矿物块，然后开始质问Mojang"
         },
         "frame": "task",    
         "announce_to_chat": true,     
         "hidden": false,   
         "show_toast": true
    },
    "parent": "whw_recipe:whw_recipe",
    "requirements": [    
        ["amethyst_block_decomposition","quartz_block_decomposition","glowstone_decomposition"]
    ],
    "rewards": {    
        "experience": 10    
    }
}