{
    "criteria": {   
        "saddle": {    
            "trigger": "minecraft:recipe_crafted",    
            "conditions": {
                "recipe_id": "whw_recipe:saddle",
                "ingredients": [
                    {
                        "items": ["minecraft:iron_ingot","minecraft:leather","minecraft:string"]
                    }
                ]
            }
        }
    },
    "display": {
        "icon": {    
            "id": "minecraft:saddle"
         },
         "title": {
             "translate": "坐骑之始"
         },
         "description": {
             "translate": "准备好你的鞍，踏上世界征途"
         },
         "frame": "task",    
         "announce_to_chat": true,     
         "hidden": false,   
         "show_toast": true
    },
    "parent": "whw_recipe:make_horse_armor",
    "requirements": [    
        ["saddle"]
    ],
    "rewards": {    
        "experience": 10    
    }
}