{
    "criteria": {   
        "chainmail_boots": {    
            "trigger": "minecraft:recipe_crafted",    
            "conditions": {
                "recipe_id": "whw_recipe:chainmail_boots",
                "ingredients": [
                    {
                        "items": ["minecraft:chain"]
                    }
                ]
            }
        },
        "chainmail_leggings": {    
            "trigger": "minecraft:recipe_crafted",    
            "conditions": {
                "recipe_id": "whw_recipe:chainmail_leggings",
                "ingredients": [
                    {
                        "items": ["minecraft:chain"]
                    }
                ]
            }
        },
        "chainmail_chestplate": {    
            "trigger": "minecraft:recipe_crafted",    
            "conditions": {
                "recipe_id": "whw_recipe:chainmail_chestplate",
                "ingredients": [
                    {
                        "items": ["minecraft:chain"]
                    }
                ]
            }
        },
        "chainmail_helmet": {    
            "trigger": "minecraft:recipe_crafted",    
            "conditions": {
                "recipe_id": "whw_recipe:chainmail_helmet",
                "ingredients": [
                    {
                        "items": ["minecraft:chain"]
                    }
                ]
            }
        }
    },
    "display": {
        "icon": {    
            "id": "minecraft:diamond_horse_armor"
         },
         "title": {
             "translate": "隐藏护甲"
         },
         "description": {
             "translate": "寻找未知护甲的秘密，并解锁隐藏的力量。"
         },
         "frame": "task",    
         "announce_to_chat": true,     
         "hidden": false,   
         "show_toast": true
    },
    "parent": "whw_recipe:whw_recipe",
    "requirements": [    
        ["chainmail_boots", "chainmail_leggings", "chainmail_chestplate", "chainmail_helmet"]
    ],
    "rewards": {    
        "experience": 10    
    }
}