{
    "criteria": {   
        "leather": {    
            "trigger": "minecraft:recipe_crafted",    
            "conditions": {
                "recipe_id": "whw_recipe:leather",
                "ingredients": [
                    {
                        "items": "minecraft:rotten_flesh"
                    }
                ]
            }
        }
    },
    "display": {
        "icon": {    
            "id": "minecraft:leather"
         },
         "title": {
             "translate": "废物利用"
         },
         "description": {
             "translate": "腐肉烧皮革，懂？"
         },
         "frame": "task",    
         "announce_to_chat": true,     
         "hidden": false,   
         "show_toast": true
    },
    "parent": "whw_recipe:whw_recipe",
    "requirements": [    
        ["leather"]
    ],
    "rewards": {    
        "experience": 10    
    }
}