{
    "criteria": {   
        "acacia_log": {    
            "trigger": "minecraft:recipe_crafted",    
            "conditions": {
                "recipe_id": "whw_recipe:stripped_acacia_log",
                "ingredients": [
                    {
                        "items": "minecraft:acacia_log"
                    }
                ]
            }
        },
        "acacia_wood": {    
            "trigger": "minecraft:recipe_crafted",    
            "conditions": {
                "recipe_id": "whw_recipe:stripped_acacia_wood",
                "ingredients": [
                    {
                        "items": "minecraft:acacia_wood"
                    }
                ]
            }
        },
        "bamboo_block": {    
            "trigger": "minecraft:recipe_crafted",    
            "conditions": {
                "recipe_id": "whw_recipe:stripped_bamboo_block",
                "ingredients": [
                    {
                        "items": "minecraft:bamboo_block"
                    }
                ]
            }
        },
        "birch_log": {    
            "trigger": "minecraft:recipe_crafted",    
            "conditions": {
                "recipe_id": "whw_recipe:stripped_birch_log",
                "ingredients": [
                    {
                        "items": "minecraft:birch_log"
                    }
                ]
            }
        },
        "birch_wood": {    
            "trigger": "minecraft:recipe_crafted",    
            "conditions": {
                "recipe_id": "whw_recipe:stripped_birch_wood",
                "ingredients": [
                    {
                        "items": "minecraft:birch_wood"
                    }
                ]
            }
        },
        "cherry_log": {    
            "trigger": "minecraft:recipe_crafted",    
            "conditions": {
                "recipe_id": "whw_recipe:stripped_cherry_log",
                "ingredients": [
                    {
                        "items": "minecraft:cherry_log"
                    }
                ]
            }
        },
        "cherry_wood": {    
            "trigger": "minecraft:recipe_crafted",    
            "conditions": {
                "recipe_id": "whw_recipe:stripped_cherry_wood",
                "ingredients": [
                    {
                        "items": "minecraft:cherry_wood"
                    }
                ]
            }
        },
        "crimson_hyphae": {    
            "trigger": "minecraft:recipe_crafted",    
            "conditions": {
                "recipe_id": "whw_recipe:stripped_crimson_hyphae",
                "ingredients": [
                    {
                        "items": "minecraft:crimson_hyphae"
                    }
                ]
            }
        },
        "crimson_stem": {    
            "trigger": "minecraft:recipe_crafted",    
            "conditions": {
                "recipe_id": "whw_recipe:stripped_crimson_stem",
                "ingredients": [
                    {
                        "items": "minecraft:crimson_stem"
                    }
                ]
            }
        },
        "dark_oak_log": {    
            "trigger": "minecraft:recipe_crafted",    
            "conditions": {
                "recipe_id": "whw_recipe:stripped_dark_oak_log",
                "ingredients": [
                    {
                        "items": "minecraft:dark_oak_log"
                    }
                ]
            }
        },
        "dark_oak_wood": {    
            "trigger": "minecraft:recipe_crafted",    
            "conditions": {
                "recipe_id": "whw_recipe:stripped_dark_oak_wood",
                "ingredients": [
                    {
                        "items": "minecraft:dark_oak_wood"
                    }
                ]
            }
        },
        "jungle_log": {    
            "trigger": "minecraft:recipe_crafted",    
            "conditions": {
                "recipe_id": "whw_recipe:stripped_jungle_log",
                "ingredients": [
                    {
                        "items": "minecraft:jungle_log"
                    }
                ]
            }
        },
        "jungle_wood": {    
            "trigger": "minecraft:recipe_crafted",    
            "conditions": {
                "recipe_id": "whw_recipe:stripped_jungle_wood",
                "ingredients": [
                    {
                        "items": "minecraft:jungle_wood"
                    }
                ]
            }
        },
        "mangrove_log": {    
            "trigger": "minecraft:recipe_crafted",    
            "conditions": {
                "recipe_id": "whw_recipe:stripped_mangrove_log",
                "ingredients": [
                    {
                        "items": "minecraft:mangrove_log"
                    }
                ]
            }
        },
        "mangrove_wood": {    
            "trigger": "minecraft:recipe_crafted",    
            "conditions": {
                "recipe_id": "whw_recipe:stripped_mangrove_wood",
                "ingredients": [
                    {
                        "items": "minecraft:mangrove_wood"
                    }
                ]
            }
        },
        "oak_log": {    
            "trigger": "minecraft:recipe_crafted",    
            "conditions": {
                "recipe_id": "whw_recipe:stripped_oak_log",
                "ingredients": [
                    {
                        "items": "minecraft:oak_log"
                    }
                ]
            }
        },
        "oak_wood": {    
            "trigger": "minecraft:recipe_crafted",    
            "conditions": {
                "recipe_id": "whw_recipe:stripped_oak_wood",
                "ingredients": [
                    {
                        "items": "minecraft:oak_wood"
                    }
                ]
            }
        },
        "spruce_log": {    
            "trigger": "minecraft:recipe_crafted",    
            "conditions": {
                "recipe_id": "whw_recipe:stripped_spruce_log",
                "ingredients": [
                    {
                        "items": "minecraft:spruce_log"
                    }
                ]
            }
        },
        "spruce_wood": {    
            "trigger": "minecraft:recipe_crafted",    
            "conditions": {
                "recipe_id": "whw_recipe:stripped_spruce_wood",
                "ingredients": [
                    {
                        "items": "minecraft:spruce_wood"
                    }
                ]
            }
        },
        "warped_hyphae": {    
            "trigger": "minecraft:recipe_crafted",    
            "conditions": {
                "recipe_id": "whw_recipe:stripped_warped_hyphae",
                "ingredients": [
                    {
                        "items": "minecraft:warped_hyphae"
                    }
                ]
            }
        },
        "warped_stem": {    
            "trigger": "minecraft:recipe_crafted",    
            "conditions": {
                "recipe_id": "whw_recipe:stripped_warped_stem",
                "ingredients": [
                    {
                        "items": "minecraft:warped_stem"
                    }
                ]
            }
        }
    },
    "display": {
        "icon": {    
            "id": "minecraft:stripped_oak_wood"
         },
         "title": {
             "translate": "快速去皮"
         },
         "description": {
             "translate": "使用切石机快速去皮木材，或者应该叫切木机？"
         },
         "frame": "task",    
         "announce_to_chat": true,     
         "hidden": false,   
         "show_toast": true
    },
    "parent": "whw_recipe:whw_recipe",
    "requirements": [    
        ["acacia_log","acacia_wood","bamboo_block","birch_log","birch_wood","cherry_log","cherry_wood","crimson_hyphae","crimson_stem","dark_oak_log","dark_oak_wood","jungle_log","jungle_wood","mangrove_log","mangrove_wood","oak_log","oak_wood","spruce_log","spruce_wood","warped_hyphae","warped_stem"]
    ],
    "rewards": {    
        "experience": 10    
    }
}