{
    "criteria": {   
        "crafting_table": {    
            "trigger": "minecraft:inventory_changed",    
            "conditions": {
                "items": [
                    {
                        "items": "minecraft:crafting_table"
                    }
                ]
            }
        }
    },
    "display": {
        "icon": {    
            "id": "minecraft:bundle"
         },
         "title": {
             "translate": "whwdzg's recipe"
         },
         "description": {
             "translate": "Minecraft补充！完全！探索更合理的配方吧！"
         },
         "frame": "task",    
         "announce_to_chat": true,     
         "hidden": false,   
         "show_toast": true,  
         "background": "minecraft:textures/block/oak_planks.png"
    },
    "requirements": [    
        ["crafting_table"]
    ],
    "rewards": {    
        "experience": 10    
    }
}