{
  "type": "minecraft:crafting_shapeless",
  "category":"misc",
  "result": {
      "id": "minecraft:mud",
      "count": 8
  },
  "ingredients": [
      [
          {
              "item": "minecraft:dirt" 
          }
      ],
      [
        {
            "item": "minecraft:dirt" 
        }
      ],
      [
        {
            "item": "minecraft:dirt" 
        }
      ],
      [
        {
            "item": "minecraft:dirt" 
        }
     ],
      [
        {
            "item": "minecraft:dirt" 
        }
      ],
      [
        {
            "item": "minecraft:dirt" 
        }
      ],
      [
        {
            "item": "minecraft:dirt" 
        }
      ],
      [
        {
            "item": "minecraft:dirt" 
        }
      ],
      [
        {
            "item": "minecraft:water_bucket" 
        }
      ]
  ]
}
