{
    "criteria": {   
        "blue_stained_glass": {    
            "trigger": "minecraft:inventory_changed",    
            "conditions": {
                "items": [
                    {
                        "items": "minecraft:blue_stained_glass"
                    }
                ]
            }
        }
    },
    "requirements": [    
        ["blue_stained_glass"]
    ],
    "parent": "whw_recipe:whw_recipe",
    "rewards": {    
        "recipes": ["whw_recipe:blue_stained_glass_pane"]  
    }
  }