{
    "criteria": {   
        "skeleton_skull": {    
            "trigger": "minecraft:inventory_changed",    
            "conditions": {
                "items": [
                    {
                        "items": "minecraft:skeleton_skull"
                    }
                ]
            }
        }
    },
    "requirements": [    
        ["skeleton_skull"]
    ],
    "parent": "whw_recipe:whw_recipe",
    "rewards": {    
        "recipes": ["whw_recipe:bone"]  
    }
  }