{
  "criteria": {   
      "brown_stained_glass": {    
          "trigger": "minecraft:inventory_changed",    
          "conditions": {
              "items": [
                  {
                      "items": "minecraft:brown_stained_glass"
                  }
              ]
          }
      }
  },
  "requirements": [    
      ["brown_stained_glass"]
  ],
  "parent": "whw_recipe:whw_recipe",
  "rewards": {    
      "recipes": ["whw_recipe:brown_stained_glass_pane"]  
  }
}