{
  "criteria": {
    "amethyst_shard": {
      "trigger": "minecraft:inventory_changed",
      "conditions": {
        "items": [
          {
            "items": ["minecraft:amethyst_shard"],
            "count": {
              "min": 4
            }
          }
        ]
      }
    },
    "amethyst_block": {
      "trigger": "minecraft:inventory_changed",
      "conditions": {
        "items": [
          {
            "items": ["minecraft:amethyst_block"]
          }
        ]
      }
    }
  },  
  "rewards":{
    "recipes": ["whw_recipe:budding_amethyst"]
  },
  "requirements": [
    [
      "amethyst_shard",
      "amethyst_block"
    ]
  ]
}