{
  "parent": "whw_recipe:recipes/root",
    "rewards": {
      "recipes": [ "whw_recipe:cobweb" ]
    },
    "criteria": {
      "slime_ball": {
        "trigger": "minecraft:inventory_changed",
        "conditions": {
          "items": [ { "item": "minecraft:slime_ball" } ]
        }
      },
      "string": {
        "trigger": "minecraft:inventory_changed",
        "conditions": {
          "items": [ { "item": "minecraft:string"} ]
        }
      }
    },
    "display":{
      "icon":{
        "item":"minecraft:cobweb"
      }
    },
    "requirements": [
      [
        "slime_ball",
        "string"
      ]
    ]
  }