{
  "criteria": {
    "gold_block": {
      "trigger": "minecraft:inventory_changed",
      "conditions": {
        "items": [
          {
            "items": ["minecraft:gold_block"],
            "count": {
              "min": 8
            }
          }
        ]
      }
    },
    "apple": {
      "trigger": "minecraft:inventory_changed",
      "conditions": {
        "items": [
          {
            "items": ["minecraft:apple"]
          }
        ]
      }
    }
  },  
  "rewards":{
    "recipes": ["whw_recipe:enchanted_golden_apple"]
  },
  "requirements": [
    [
      "gold_block",
      "apple"
    ]
  ]
}