{
  "criteria": {
    "lapis_lazuli": {
      "trigger": "minecraft:inventory_changed",
      "conditions": {
        "items": [
          {
            "items": ["minecraft:lapis_lazuli"],
            "count": {
              "min": 4
            }
          }
        ]
      }
    },
    "glass_bottle": {
      "trigger": "minecraft:inventory_changed",
      "conditions": {
        "items": [
          {
            "items": ["minecraft:glass_bottle"]
          }
        ]
      }
    }
  },
  "rewards":{
    "recipes": ["whw_recipe:experience_bottle"]
  },
  "requirements": [
    [
      "lapis_lazuli",
      "glass_bottle"
    ]
  ]
}