{
  "criteria": {
    "glowstone_dust": {
      "trigger": "minecraft:inventory_changed",
      "conditions": {
        "items": [
          {
            "items": ["minecraft:glowstone_dust"],
            "count": {
              "min": 4
            }
          }
        ]
      }
    },
    "glass": {
      "trigger": "minecraft:inventory_changed",
      "conditions": {
        "items": [
          {
            "items": ["minecraft:glass"]
          }
        ]
      }
    }
  },  
  "rewards":{
    "recipes": ["whw_recipe:light"]
  },
  "requirements": [
    [
      "glowstone_dust",
      "glass"
    ]
  ]
}