{
  "parent": "whw_recipe:recipes/root",
    "rewards": {
      "recipes": [ "whw_recipe:mud" ]
    },
    "criteria": {
      "water_bucket": {
        "trigger": "minecraft:inventory_changed",
        "conditions": {
          "items": [ { "item": "minecraft:water_bucket" } ]
        }
      },
      "dirt": {
        "trigger": "minecraft:inventory_changed",
        "conditions": {
          "items": [ { "item": "minecraft:dirt"} ]
        }
      }
    },
    "display":{
      "icon":{
        "item":"minecraft:mud"
      }
    },
    "requirements": [
      [
        "water_bucket",
        "dirt"
      ]
    ]
  }