{
  "parent": "whw_recipe:recipes/root",
    "rewards": {
      "recipes": [ "whw_recipe:nether_brick" ]
    },
    "criteria": {
      "nether_bricks": {
        "trigger": "minecraft:inventory_changed",
        "conditions": {
          "items": [ { "item": "minecraft:nether_bricks" } ]
        }
      }
    
    },
    "display":{
      "icon":{
        "item":"minecraft:nether_brick"
      }
    },
    "requirements": [
      [
        "nether_bricks"
      ]
    ]
  }