{
  "criteria": {
    "porkchoph": {
      "trigger": "minecraft:inventory_changed",
      "conditions": {
        "items": [
          {
            "items": ["minecraft:porkchop"],
            "count": {
              "min": 8
            }
          }
        ]
      }
    },
    "skeleton_skull": {
      "trigger": "minecraft:inventory_changed",
      "conditions": {
        "items": [
          {
            "items": ["minecraft:skeleton_skull"]
          }
        ]
      }
    }
    },
  "rewards":{
    "recipes": ["whw_recipe:piglin_head"]
  },
  "requirements": [
    [
      "porkchop",
      "skeleton_skull"
    ]
  ]
}