{
  "parent": "whw_recipe:recipes/root",
    "rewards": {
      "recipes": [ "whw_recipe:pink_stained_glass_pane" ]
    },
    "criteria": {
      "pink_stained_glass": {
        "trigger": "minecraft:inventory_changed",
        "conditions": {
          "items": [ { "item": "minecraft:pink_stained_glass" } ]
        }
      }
      
    },
    "display":{
      "icon":{
        "item":"minecraft:pink_stained_glass_pane"
      }
    },
    "requirements": [
      [
        "pink_stained_glass"
      ]
    ]
  }