{
  "parent": "whw_recipe:recipes/root",
    "rewards": {
      "recipes": [ "whw_recipe:pointed_dripstone" ]
    },
    "criteria": {
      "dripstone_block": {
        "trigger": "minecraft:inventory_changed",
        "conditions": {
          "items": [ { "item": "minecraft:dripstone_block"}]
      }
    
    },
    "display":{
      "icon":{
        "item":"minecraft:pointed_dripstone"
      }
    },
    "requirements": [
      [
        "dripstone_block"
      ]
    ]
  }